,Date,Category,Payment_Mode,Description,Amount,Cashback
1,2024-01-01,Transportation,Credit card,Flight,652.98,1.89
2,2024-01-01,Subscription,UPI,Amazon Prime,307.73,0.0
3,2024-01-01,Subscription,UPI,Netflix,702.27,0.0
4,2024-01-01,Bills,Debit card,Gas bill,405.42,0.0
5,2024-01-01,Subscription,Debit card,Netflix,693.39,0.0
6,2024-01-02,Bills,Cash,Wifi bill,566.62,0.0
7,2024-01-02,Subscription,Credit card,Spotify,617.84,3.47
8,2024-01-02,Transportation,UPI,Bus,535.76,0.0
9,2024-01-03,EMI,Debit card,Washing machine,763.19,0.0
10,2024-01-03,Bills,Debit card,Mobile Recharge,868.1,0.0
11,2024-01-03,Transportation,UPI,Bus,141.31,0.0
12,2024-01-03,Shopping,Debit card,Shopping expense,159.51,0.0
13,2024-01-03,Transportation,Cash,Train,136.05,0.0
14,2024-01-03,Electronics,Debit card,Laptop,791.93,0.0
15,2024-01-03,Electronics,Debit card,Tablet,196.27,0.0
16,2024-01-04,Bills,Credit card,Gas bill,497.19,19.43
17,2024-01-04,Subscription,Debit card,Zomato,97.59,0.0
18,2024-01-04,Subscription,Cash,Zomato,290.91,0.0
19,2024-01-06,Transportation,Cash,Train,634.69,0.0
20,2024-01-06,Groceries,Debit card,Spices,930.4,0.0
21,2024-01-06,Medical Expense,Debit card,Consultation Fee,476.67,0.0
22,2024-01-06,Electronics,Credit card,Mobile,116.23,7.03
23,2024-01-07,Bills,Credit card,Water bill,600.98,2.21
24,2024-01-07,Medical Expense,UPI,Medicine,175.42,0.0
25,2024-01-07,Groceries,UPI,Fruits,286.34,0.0
26,2024-01-08,Groceries,Cash,Vegetables,746.74,0.0
27,2024-01-08,Medical Expense,Cash,Consultation Fee,932.39,0.0
28,2024-01-08,Shopping,UPI,Shopping expense,857.84,0.0
29,2024-01-09,EMI,Credit card,Mobile,870.05,11.8
30,2024-01-09,Shopping,Credit card,Shopping expense,763.22,1.25
31,2024-01-09,Insurance,Credit card,Life insurance,741.77,12.21
32,2024-01-09,Groceries,Credit card,Fruits,72.12,12.99
33,2024-01-10,Transportation,UPI,Train,648.1,0.0
34,2024-01-10,Electronics,Credit card,Laptop,855.17,5.72
35,2024-01-10,Insurance,Debit card,Health insurance,280.7,0.0
36,2024-01-11,Insurance,Debit card,Health insurance,883.55,0.0
37,2024-01-11,Insurance,Debit card,Auto insurance,511.7,0.0
38,2024-01-11,Shopping,Debit card,Shopping expense,715.73,0.0
39,2024-01-11,Bills,UPI,Electricity bill,683.14,0.0
40,2024-01-11,Electronics,Cash,Mobile,889.99,0.0
41,2024-01-12,Groceries,Cash,Vegetables,942.82,0.0
42,2024-01-12,Transportation,UPI,Train,204.66,0.0
43,2024-01-12,Medical Expense,Cash,Medicine,835.75,0.0
44,2024-01-12,Bills,Cash,Electricity bill,562.03,0.0
45,2024-01-12,Electronics,Cash,Laptop,186.54,0.0
46,2024-01-13,Medical Expense,Debit card,Medicine,627.94,0.0
47,2024-01-14,Insurance,Debit card,Auto insurance,304.17,0.0
48,2024-01-14,Shopping,UPI,Shopping expense,361.45,0.0
49,2024-01-14,Subscription,Credit card,Zomato,254.69,11.81
50,2024-01-15,Electronics,Debit card,Laptop,323.85,0.0
51,2024-01-15,Medical Expense,Cash,Medicine,885.3,0.0
52,2024-01-15,Subscription,Cash,Netflix,608.65,0.0
53,2024-01-16,Subscription,Cash,Spotify,805.9,0.0
54,2024-01-17,Transportation,Debit card,Flight,366.23,0.0
55,2024-01-17,Groceries,Credit card,Vegetables,526.01,13.24
56,2024-01-17,Transportation,UPI,Train,170.32,0.0
57,2024-01-17,Shopping,Debit card,Shopping expense,152.88,0.0
58,2024-01-17,Electronics,UPI,Laptop,414.73,0.0
59,2024-01-19,Insurance,UPI,Life insurance,611.04,0.0
60,2024-01-20,Bills,Cash,Gas bill,505.17,0.0
61,2024-01-20,Electronics,Credit card,Tablet,954.19,8.9
62,2024-01-20,Groceries,UPI,Spices,75.36,0.0
63,2024-01-21,Subscription,Credit card,Amazon Prime,402.91,11.0
64,2024-01-21,Subscription,Cash,Spotify,139.22,0.0
65,2024-01-22,Medical Expense,Cash,Consultation Fee,743.71,0.0
66,2024-01-22,Electronics,Debit card,Tablet,332.11,0.0
67,2024-01-23,Subscription,Credit card,Netflix,540.54,13.05
68,2024-01-23,Electronics,Credit card,Mobile,587.18,14.3
69,2024-01-23,EMI,Credit card,Air conditioner,877.58,1.64
70,2024-01-23,Electronics,Debit card,Tablet,930.96,0.0
71,2024-01-23,Subscription,Debit card,Spotify,704.21,0.0
72,2024-01-24,Shopping,Cash,Shopping expense,961.75,0.0
73,2024-01-24,Bills,Credit card,Mobile Recharge,454.67,4.45
74,2024-01-24,Insurance,Credit card,Health insurance,550.43,14.72
75,2024-01-24,Electronics,Cash,Laptop,955.06,0.0
76,2024-01-25,Subscription,Credit card,Zomato,599.11,12.6
77,2024-01-25,EMI,Debit card,Air conditioner,483.54,0.0
78,2024-01-25,Groceries,Debit card,Beverages,378.92,0.0
79,2024-01-25,Groceries,Debit card,Vegetables,874.65,0.0
80,2024-01-25,Bills,UPI,Wifi bill,308.39,0.0
81,2024-01-25,Medical Expense,Cash,Consultation Fee,962.37,0.0
82,2024-01-26,Transportation,Credit card,Bus,200.67,15.61
83,2024-01-26,Transportation,Debit card,Ola,646.1,0.0
84,2024-01-26,Groceries,Cash,Beverages,401.48,0.0
85,2024-01-26,Subscription,Cash,Amazon Prime,937.47,0.0
86,2024-01-27,Subscription,UPI,Amazon Prime,313.15,0.0
87,2024-01-27,Groceries,Cash,Diary & eggs,117.78,0.0
88,2024-01-27,Shopping,Credit card,Shopping expense,844.49,11.46
89,2024-01-27,Insurance,Cash,Life insurance,491.39,0.0
90,2024-01-27,Subscription,Debit card,Spotify,302.74,0.0
91,2024-01-28,Groceries,UPI,Vegetables,148.65,0.0
92,2024-01-28,Subscription,UPI,Spotify,634.72,0.0
93,2024-01-28,Transportation,UPI,Bus,933.1,0.0
94,2024-01-28,Shopping,UPI,Shopping expense,210.82,0.0
95,2024-01-29,Medical Expense,UPI,Consultation Fee,582.99,0.0
96,2024-01-29,Bills,Debit card,Electricity bill,711.91,0.0
97,2024-01-29,Groceries,Cash,Fruits,174.56,0.0
98,2024-01-29,Insurance,UPI,Life insurance,485.6,0.0
99,2024-01-30,Subscription,Debit card,Zomato,916.95,0.0
100,2024-01-30,Insurance,Cash,Health insurance,491.09,0.0
101,2024-02-01,EMI,UPI,Car,216.07,0.0
102,2024-02-01,Medical Expense,Debit card,Medicine,792.37,0.0
103,2024-02-01,Subscription,Cash,Zomato,264.17,0.0
104,2024-02-01,Bills,Debit card,Water bill,507.52,0.0
105,2024-02-01,Insurance,Debit card,Health insurance,143.96,0.0
106,2024-02-02,Bills,Cash,Water bill,251.67,0.0
107,2024-02-02,Transportation,UPI,Bus,846.85,0.0
108,2024-02-02,Insurance,Cash,Health insurance,279.06,0.0
109,2024-02-02,Medical Expense,Cash,Consultation Fee,213.92,0.0
110,2024-02-02,Bills,Debit card,Mobile Recharge,334.05,0.0
111,2024-02-02,Electronics,Debit card,Laptop,679.68,0.0
112,2024-02-02,Subscription,Debit card,Amazon Prime,904.6,0.0
113,2024-02-03,Electronics,Credit card,Laptop,956.95,8.69
114,2024-02-03,Electronics,Cash,Mobile,430.98,0.0
115,2024-02-03,Transportation,UPI,Flight,931.18,0.0
116,2024-02-03,Medical Expense,Debit card,Medicine,709.9,0.0
117,2024-02-03,Subscription,Debit card,Spotify,588.15,0.0
118,2024-02-04,Subscription,Credit card,Amazon Prime,546.26,15.06
119,2024-02-04,Groceries,UPI,Fruits,915.7,0.0
120,2024-02-04,Electronics,Credit card,Laptop,304.21,8.13
121,2024-02-04,EMI,Debit card,Washing machine,801.12,0.0
122,2024-02-05,Electronics,Debit card,Laptop,617.3,0.0
123,2024-02-05,Shopping,Cash,Shopping expense,525.12,0.0
124,2024-02-06,Electronics,Cash,Tablet,685.92,0.0
125,2024-02-06,Electronics,Credit card,Mobile,343.12,17.22
126,2024-02-06,Transportation,UPI,Bus,621.14,0.0
127,2024-02-06,Bills,Debit card,Water bill,732.57,0.0
128,2024-02-07,Groceries,Cash,Spices,950.55,0.0
129,2024-02-07,Electronics,UPI,Laptop,420.91,0.0
130,2024-02-07,EMI,Credit card,Mobile,316.11,14.03
131,2024-02-08,Medical Expense,Debit card,Medicine,368.36,0.0
132,2024-02-08,Insurance,Debit card,Auto insurance,369.73,0.0
133,2024-02-08,EMI,UPI,Mobile,84.71,0.0
134,2024-02-09,Medical Expense,Credit card,Medicine,820.33,2.76
135,2024-02-09,Insurance,UPI,Auto insurance,309.73,0.0
136,2024-02-09,Groceries,Cash,Diary & eggs,979.0,0.0
137,2024-02-09,Electronics,Credit card,Tablet,766.1,16.1
138,2024-02-10,Medical Expense,Cash,Consultation Fee,703.8,0.0
139,2024-02-10,EMI,Cash,Car,313.66,0.0
140,2024-02-10,Bills,Debit card,Water bill,298.04,0.0
141,2024-02-10,Electronics,Credit card,Laptop,111.2,12.91
142,2024-02-10,Medical Expense,Debit card,Medicine,548.08,0.0
143,2024-02-11,EMI,Credit card,Air conditioner,743.83,2.53
144,2024-02-11,Subscription,Credit card,Netflix,814.52,14.81
145,2024-02-11,Electronics,Cash,Tablet,59.3,0.0
146,2024-02-11,EMI,UPI,Mobile,767.55,0.0
147,2024-02-12,Groceries,Cash,Grains & Bread,985.59,0.0
148,2024-02-12,Groceries,Cash,Vegetables,316.74,0.0
149,2024-02-13,Electronics,Credit card,Laptop,544.85,6.68
150,2024-02-13,Subscription,Debit card,Spotify,347.97,0.0
151,2024-02-14,Insurance,UPI,Auto insurance,91.86,0.0
152,2024-02-15,Insurance,Cash,Life insurance,980.62,0.0
153,2024-02-15,Transportation,Cash,Train,170.18,0.0
154,2024-02-15,Groceries,Debit card,Fruits,692.91,0.0
155,2024-02-15,Subscription,Debit card,Amazon Prime,970.33,0.0
156,2024-02-16,Electronics,Debit card,Tablet,751.23,0.0
157,2024-02-17,Subscription,Credit card,Spotify,935.92,17.0
158,2024-02-17,Bills,UPI,Water bill,559.49,0.0
159,2024-02-18,Shopping,Debit card,Shopping expense,723.67,0.0
160,2024-02-18,Shopping,Credit card,Shopping expense,535.48,18.5
161,2024-02-18,Shopping,Credit card,Shopping expense,755.94,14.03
162,2024-02-18,Insurance,Cash,Auto insurance,447.96,0.0
163,2024-02-18,Medical Expense,Cash,Medicine,904.52,0.0
164,2024-02-18,Medical Expense,Cash,Consultation Fee,216.65,0.0
165,2024-02-18,Shopping,Credit card,Shopping expense,789.83,18.4
166,2024-02-19,Insurance,UPI,Life insurance,507.44,0.0
167,2024-02-20,Subscription,Cash,Spotify,686.56,0.0
168,2024-02-20,EMI,Cash,Washing machine,789.75,0.0
169,2024-02-21,Groceries,Credit card,Spices,613.45,1.56
170,2024-02-21,Groceries,Credit card,Spices,643.88,1.66
171,2024-02-21,Subscription,Credit card,Netflix,352.26,2.81
172,2024-02-21,Bills,Credit card,Electricity bill,718.15,17.77
173,2024-02-21,Medical Expense,Cash,Medicine,191.69,0.0
174,2024-02-23,Subscription,Cash,Spotify,565.85,0.0
175,2024-02-23,Bills,Cash,Water bill,93.94,0.0
176,2024-02-23,Transportation,Cash,Train,954.35,0.0
177,2024-02-23,Insurance,Credit card,Life insurance,675.34,3.98
178,2024-02-23,Insurance,Debit card,Auto insurance,801.72,0.0
179,2024-02-23,EMI,Cash,Car,124.29,0.0
180,2024-02-23,Electronics,Cash,Mobile,134.21,0.0
181,2024-02-24,Shopping,Debit card,Shopping expense,477.9,0.0
182,2024-02-24,Shopping,UPI,Shopping expense,629.41,0.0
183,2024-02-25,Bills,UPI,Water bill,757.05,0.0
184,2024-02-25,Shopping,Cash,Shopping expense,947.68,0.0
185,2024-02-25,EMI,Debit card,Mobile,374.01,0.0
186,2024-02-25,Insurance,Cash,Auto insurance,194.23,0.0
187,2024-02-26,Electronics,Credit card,Tablet,578.63,8.73
188,2024-02-26,Groceries,UPI,Beverages,170.91,0.0
189,2024-02-26,Insurance,UPI,Life insurance,362.83,0.0
190,2024-02-26,Bills,Debit card,Electricity bill,884.48,0.0
191,2024-02-27,Groceries,Cash,Diary & eggs,472.79,0.0
192,2024-02-27,Subscription,Credit card,Spotify,381.64,14.89
193,2024-02-27,Electronics,Debit card,Tablet,702.96,0.0
194,2024-02-27,Transportation,Debit card,Train,368.87,0.0
195,2024-02-27,EMI,Cash,Mobile,391.59,0.0
196,2024-02-27,Shopping,Debit card,Shopping expense,159.0,0.0
197,2024-02-27,Transportation,UPI,Train,901.12,0.0
198,2024-02-28,EMI,UPI,Air conditioner,524.53,0.0
199,2024-02-28,Transportation,Credit card,Flight,196.38,1.61
200,2024-02-28,Insurance,Debit card,Life insurance,419.09,0.0
201,2024-03-01,Electronics,Credit card,Laptop,368.62,3.65
202,2024-03-01,Shopping,Debit card,Shopping expense,880.92,0.0
203,2024-03-01,Groceries,Credit card,Spices,542.91,13.99
204,2024-03-01,Medical Expense,Credit card,Medicine,342.53,6.93
205,2024-03-02,Transportation,Debit card,Ola,367.55,0.0
206,2024-03-02,EMI,Credit card,Car,607.04,14.45
207,2024-03-02,EMI,UPI,Washing machine,982.36,0.0
208,2024-03-03,Shopping,Cash,Shopping expense,640.81,0.0
209,2024-03-03,Bills,UPI,Gas bill,78.31,0.0
210,2024-03-04,Shopping,Credit card,Shopping expense,356.94,15.87
211,2024-03-04,Subscription,Cash,Netflix,715.06,0.0
212,2024-03-04,Electronics,Cash,Mobile,107.67,0.0
213,2024-03-04,Shopping,Debit card,Shopping expense,368.74,0.0
214,2024-03-04,Bills,Credit card,Electricity bill,195.41,16.44
215,2024-03-05,Insurance,Cash,Health insurance,651.84,0.0
216,2024-03-05,Shopping,Credit card,Shopping expense,554.21,16.53
217,2024-03-05,Transportation,Debit card,Ola,972.83,0.0
218,2024-03-05,Shopping,Debit card,Shopping expense,71.58,0.0
219,2024-03-06,Electronics,Cash,Tablet,877.12,0.0
220,2024-03-06,Shopping,Debit card,Shopping expense,590.54,0.0
221,2024-03-06,Subscription,Credit card,Zomato,649.02,15.18
222,2024-03-06,EMI,Debit card,Car,562.97,0.0
223,2024-03-07,Bills,UPI,Gas bill,171.91,0.0
224,2024-03-07,Transportation,Cash,Flight,752.42,0.0
225,2024-03-08,Groceries,Credit card,Fruits,382.91,7.98
226,2024-03-09,Subscription,Cash,Spotify,872.13,0.0
227,2024-03-09,Groceries,Debit card,Vegetables,901.91,0.0
228,2024-03-09,Insurance,Debit card,Health insurance,904.0,0.0
229,2024-03-10,Bills,Debit card,Water bill,343.04,0.0
230,2024-03-10,Insurance,Debit card,Life insurance,256.89,0.0
231,2024-03-10,EMI,Cash,Air conditioner,216.15,0.0
232,2024-03-10,Groceries,Cash,Fruits,871.17,0.0
233,2024-03-11,Electronics,Debit card,Tablet,202.77,0.0
234,2024-03-12,EMI,Debit card,Mobile,789.76,0.0
235,2024-03-12,Bills,UPI,Mobile Recharge,551.3,0.0
236,2024-03-12,Subscription,UPI,Amazon Prime,681.49,0.0
237,2024-03-12,Shopping,Debit card,Shopping expense,392.51,0.0
238,2024-03-13,Groceries,Debit card,Grains & Bread,916.08,0.0
239,2024-03-13,Electronics,Credit card,Tablet,616.56,11.81
240,2024-03-13,EMI,Debit card,Air conditioner,250.76,0.0
241,2024-03-13,Shopping,Cash,Shopping expense,611.83,0.0
242,2024-03-13,Shopping,Debit card,Shopping expense,473.25,0.0
243,2024-03-13,Transportation,Cash,Train,989.97,0.0
244,2024-03-14,Electronics,UPI,Mobile,725.42,0.0
245,2024-03-14,Bills,UPI,Wifi bill,419.24,0.0
246,2024-03-14,EMI,Debit card,Air conditioner,978.57,0.0
247,2024-03-14,Groceries,Debit card,Vegetables,816.97,0.0
248,2024-03-14,Bills,Credit card,Gas bill,656.16,16.25
249,2024-03-15,Groceries,Credit card,Fruits,420.36,15.59
250,2024-03-15,Insurance,UPI,Health insurance,836.76,0.0
251,2024-03-15,Insurance,Cash,Auto insurance,968.04,0.0
252,2024-03-15,Subscription,Debit card,Spotify,315.56,0.0
253,2024-03-16,Subscription,Debit card,Netflix,662.22,0.0
254,2024-03-16,Medical Expense,Cash,Consultation Fee,843.26,0.0
255,2024-03-17,Transportation,Debit card,Flight,638.96,0.0
256,2024-03-17,EMI,Cash,Mobile,450.16,0.0
257,2024-03-17,Groceries,UPI,Vegetables,171.2,0.0
258,2024-03-17,Medical Expense,Credit card,Consultation Fee,164.82,11.58
259,2024-03-17,Shopping,Debit card,Shopping expense,201.55,0.0
260,2024-03-18,Insurance,Cash,Life insurance,108.56,0.0
261,2024-03-18,EMI,Cash,Air conditioner,161.18,0.0
262,2024-03-18,Groceries,UPI,Diary & eggs,289.63,0.0
263,2024-03-19,Insurance,Credit card,Life insurance,780.09,8.74
264,2024-03-19,Medical Expense,Credit card,Medicine,866.71,13.08
265,2024-03-20,Transportation,Credit card,Bus,124.61,6.1
266,2024-03-20,Medical Expense,Cash,Medicine,704.7,0.0
267,2024-03-20,Electronics,Credit card,Laptop,604.56,13.96
268,2024-03-20,Bills,UPI,Water bill,733.6,0.0
269,2024-03-21,Groceries,UPI,Fruits,930.56,0.0
270,2024-03-21,Subscription,UPI,Zomato,223.27,0.0
271,2024-03-21,Transportation,Debit card,Train,155.92,0.0
272,2024-03-21,EMI,UPI,Car,195.24,0.0
273,2024-03-21,Medical Expense,Cash,Consultation Fee,543.75,0.0
274,2024-03-21,Bills,Credit card,Electricity bill,433.15,2.96
275,2024-03-22,Subscription,Cash,Zomato,653.41,0.0
276,2024-03-22,Bills,Credit card,Wifi bill,265.63,14.93
277,2024-03-22,Insurance,Cash,Auto insurance,806.69,0.0
278,2024-03-22,EMI,Credit card,Car,187.19,5.81
279,2024-03-22,Electronics,Cash,Mobile,110.51,0.0
280,2024-03-23,Transportation,UPI,Flight,470.56,0.0
281,2024-03-24,Groceries,Credit card,Fruits,749.07,8.4
282,2024-03-24,Shopping,UPI,Shopping expense,319.61,0.0
283,2024-03-25,Insurance,Debit card,Life insurance,170.83,0.0
284,2024-03-25,Medical Expense,UPI,Consultation Fee,567.64,0.0
285,2024-03-26,Electronics,Cash,Tablet,776.54,0.0
286,2024-03-27,Subscription,UPI,Spotify,242.01,0.0
287,2024-03-28,Subscription,Debit card,Netflix,342.74,0.0
288,2024-03-28,Medical Expense,Credit card,Consultation Fee,608.08,5.23
289,2024-03-28,Shopping,Debit card,Shopping expense,359.69,0.0
290,2024-03-28,Bills,Credit card,Water bill,614.66,13.75
291,2024-03-28,Insurance,Cash,Auto insurance,698.65,0.0
292,2024-03-28,Subscription,Debit card,Zomato,147.68,0.0
293,2024-03-29,Groceries,UPI,Beverages,458.5,0.0
294,2024-03-29,Bills,UPI,Electricity bill,381.1,0.0
295,2024-03-29,Subscription,UPI,Zomato,361.7,0.0
296,2024-03-30,Insurance,Credit card,Auto insurance,527.11,5.86
297,2024-03-30,Transportation,Cash,Bus,259.88,0.0
298,2024-03-30,Transportation,Debit card,Train,659.7,0.0
299,2024-03-30,Transportation,Debit card,Bus,552.99,0.0
300,2024-03-30,Groceries,Cash,Grains & Bread,959.31,0.0
301,2024-04-01,Insurance,Cash,Life insurance,201.58,0.0
302,2024-04-02,Transportation,Cash,Flight,668.46,0.0
303,2024-04-02,Bills,Credit card,Mobile Recharge,676.98,14.63
304,2024-04-03,Groceries,Debit card,Grains & Bread,468.03,0.0
305,2024-04-04,Groceries,Cash,Fruits,421.19,0.0
306,2024-04-04,Insurance,Credit card,Auto insurance,229.5,13.4
307,2024-04-04,Electronics,Cash,Laptop,915.12,0.0
308,2024-04-05,Electronics,Cash,Tablet,663.98,0.0
309,2024-04-05,Insurance,UPI,Life insurance,121.71,0.0
310,2024-04-05,Groceries,Debit card,Spices,64.58,0.0
311,2024-04-05,EMI,Cash,Car,611.82,0.0
312,2024-04-06,Electronics,Debit card,Tablet,972.98,0.0
313,2024-04-06,Shopping,Cash,Shopping expense,700.84,0.0
314,2024-04-06,EMI,Cash,Car,877.27,0.0
315,2024-04-06,Bills,Credit card,Electricity bill,206.06,8.62
316,2024-04-06,EMI,Credit card,Mobile,566.69,8.76
317,2024-04-07,Electronics,Credit card,Laptop,104.49,1.13
318,2024-04-07,Electronics,Cash,Tablet,53.0,0.0
319,2024-04-07,Groceries,Cash,Beverages,679.9,0.0
320,2024-04-08,Shopping,Debit card,Shopping expense,177.98,0.0
321,2024-04-08,Bills,Cash,Mobile Recharge,221.48,0.0
322,2024-04-09,Electronics,Credit card,Mobile,277.92,13.01
323,2024-04-09,Transportation,UPI,Flight,417.51,0.0
324,2024-04-09,Shopping,Cash,Shopping expense,721.77,0.0
325,2024-04-09,Medical Expense,UPI,Consultation Fee,88.42,0.0
326,2024-04-09,Insurance,Cash,Life insurance,340.05,0.0
327,2024-04-10,Groceries,UPI,Diary & eggs,266.54,0.0
328,2024-04-10,Electronics,Debit card,Tablet,492.08,0.0
329,2024-04-11,Insurance,Debit card,Health insurance,508.7,0.0
330,2024-04-11,Subscription,Cash,Amazon Prime,658.27,0.0
331,2024-04-12,Insurance,Debit card,Health insurance,629.55,0.0
332,2024-04-12,Shopping,Cash,Shopping expense,750.23,0.0
333,2024-04-12,Shopping,Credit card,Shopping expense,340.47,18.27
334,2024-04-12,EMI,Debit card,Air conditioner,113.95,0.0
335,2024-04-12,Insurance,UPI,Health insurance,483.66,0.0
336,2024-04-12,Medical Expense,Debit card,Consultation Fee,765.38,0.0
337,2024-04-12,EMI,Credit card,Mobile,810.49,1.85
338,2024-04-12,Electronics,Cash,Tablet,211.78,0.0
339,2024-04-13,Insurance,Cash,Life insurance,183.02,0.0
340,2024-04-13,Subscription,Credit card,Zomato,724.79,18.55
341,2024-04-14,Bills,UPI,Mobile Recharge,789.21,0.0
342,2024-04-14,Bills,Cash,Electricity bill,199.06,0.0
343,2024-04-14,EMI,Debit card,Mobile,491.44,0.0
344,2024-04-15,Electronics,Cash,Tablet,376.51,0.0
345,2024-04-15,Electronics,Credit card,Laptop,227.23,3.86
346,2024-04-16,EMI,Cash,Air conditioner,415.48,0.0
347,2024-04-17,Shopping,UPI,Shopping expense,385.3,0.0
348,2024-04-17,Shopping,Debit card,Shopping expense,832.83,0.0
349,2024-04-18,EMI,UPI,Car,669.87,0.0
350,2024-04-19,Transportation,Cash,Bus,491.11,0.0
351,2024-04-19,Medical Expense,Debit card,Consultation Fee,189.9,0.0
352,2024-04-19,Subscription,Credit card,Netflix,992.38,12.51
353,2024-04-20,EMI,Debit card,Mobile,664.01,0.0
354,2024-04-20,Subscription,Debit card,Amazon Prime,948.43,0.0
355,2024-04-20,Groceries,Cash,Grains & Bread,160.32,0.0
356,2024-04-20,Medical Expense,Credit card,Medicine,425.46,14.66
357,2024-04-20,Transportation,Debit card,Train,122.53,0.0
358,2024-04-20,Groceries,Credit card,Vegetables,299.15,11.79
359,2024-04-20,Electronics,Credit card,Laptop,999.04,17.32
360,2024-04-20,Electronics,Credit card,Laptop,755.26,9.27
361,2024-04-20,Shopping,Debit card,Shopping expense,790.92,0.0
362,2024-04-20,Subscription,Debit card,Zomato,789.12,0.0
363,2024-04-21,Groceries,Debit card,Grains & Bread,432.48,0.0
364,2024-04-21,Bills,Cash,Electricity bill,199.73,0.0
365,2024-04-21,Transportation,Credit card,Train,773.91,7.97
366,2024-04-21,Electronics,Cash,Mobile,564.47,0.0
367,2024-04-21,Insurance,UPI,Health insurance,293.08,0.0
368,2024-04-21,EMI,UPI,Washing machine,675.24,0.0
369,2024-04-21,Transportation,Cash,Train,555.71,0.0
370,2024-04-22,Groceries,Credit card,Vegetables,457.03,7.37
371,2024-04-22,Electronics,Debit card,Mobile,585.35,0.0
372,2024-04-22,Insurance,Credit card,Health insurance,71.89,16.99
373,2024-04-22,Insurance,UPI,Auto insurance,823.62,0.0
374,2024-04-23,Insurance,Debit card,Life insurance,62.77,0.0
375,2024-04-23,Insurance,Cash,Auto insurance,529.19,0.0
376,2024-04-23,Electronics,Debit card,Mobile,358.97,0.0
377,2024-04-23,Bills,Credit card,Electricity bill,662.27,15.98
378,2024-04-23,Medical Expense,Cash,Medicine,343.84,0.0
379,2024-04-24,Medical Expense,Cash,Medicine,923.41,0.0
380,2024-04-24,EMI,UPI,Washing machine,50.63,0.0
381,2024-04-24,Subscription,Credit card,Amazon Prime,541.41,6.93
382,2024-04-24,Bills,UPI,Wifi bill,186.0,0.0
383,2024-04-24,Insurance,Debit card,Health insurance,429.24,0.0
384,2024-04-25,Insurance,Cash,Life insurance,53.41,0.0
385,2024-04-25,Subscription,Cash,Spotify,213.96,0.0
386,2024-04-25,Insurance,Debit card,Health insurance,406.63,0.0
387,2024-04-26,Electronics,Cash,Mobile,461.35,0.0
388,2024-04-26,Shopping,UPI,Shopping expense,739.34,0.0
389,2024-04-26,Transportation,UPI,Train,616.4,0.0
390,2024-04-26,Electronics,Cash,Mobile,293.61,0.0
391,2024-04-26,EMI,Cash,Washing machine,773.88,0.0
392,2024-04-26,Subscription,Debit card,Zomato,906.35,0.0
393,2024-04-27,EMI,UPI,Car,440.06,0.0
394,2024-04-27,Bills,Cash,Water bill,450.26,0.0
395,2024-04-27,Shopping,UPI,Shopping expense,689.86,0.0
396,2024-04-27,Electronics,UPI,Tablet,989.05,0.0
397,2024-04-28,Shopping,UPI,Shopping expense,977.75,0.0
398,2024-04-28,Bills,UPI,Water bill,151.67,0.0
399,2024-04-28,Electronics,Cash,Mobile,197.71,0.0
400,2024-04-29,Electronics,Cash,Laptop,712.55,0.0
401,2024-05-01,EMI,Credit card,Washing machine,337.14,14.64
402,2024-05-01,Insurance,Cash,Health insurance,933.79,0.0
403,2024-05-01,Subscription,UPI,Amazon Prime,604.87,0.0
404,2024-05-01,Electronics,UPI,Mobile,677.51,0.0
405,2024-05-02,Groceries,UPI,Vegetables,835.69,0.0
406,2024-05-02,Transportation,Debit card,Bus,859.61,0.0
407,2024-05-02,Insurance,Cash,Auto insurance,740.14,0.0
408,2024-05-03,Medical Expense,Debit card,Medicine,176.43,0.0
409,2024-05-03,Insurance,Cash,Auto insurance,599.48,0.0
410,2024-05-04,Bills,UPI,Gas bill,397.81,0.0
411,2024-05-04,Medical Expense,Cash,Consultation Fee,592.84,0.0
412,2024-05-05,Groceries,Cash,Beverages,362.39,0.0
413,2024-05-06,Bills,UPI,Water bill,977.29,0.0
414,2024-05-07,Groceries,Credit card,Diary & eggs,359.73,15.93
415,2024-05-07,Transportation,Debit card,Flight,858.55,0.0
416,2024-05-07,Transportation,Credit card,Flight,69.79,13.32
417,2024-05-08,Groceries,Debit card,Grains & Bread,785.31,0.0
418,2024-05-08,Insurance,UPI,Life insurance,747.65,0.0
419,2024-05-08,Transportation,Cash,Ola,459.97,0.0
420,2024-05-08,Medical Expense,Credit card,Medicine,236.16,10.71
421,2024-05-09,Groceries,Credit card,Beverages,520.58,7.36
422,2024-05-09,Medical Expense,Credit card,Consultation Fee,838.69,6.06
423,2024-05-10,Electronics,Debit card,Laptop,375.69,0.0
424,2024-05-10,Bills,Credit card,Gas bill,912.9,15.57
425,2024-05-10,Groceries,Debit card,Diary & eggs,779.08,0.0
426,2024-05-10,Shopping,Credit card,Shopping expense,707.95,4.78
427,2024-05-10,Medical Expense,UPI,Medicine,527.93,0.0
428,2024-05-10,Electronics,Cash,Mobile,560.25,0.0
429,2024-05-10,Insurance,Credit card,Health insurance,509.73,10.27
430,2024-05-10,Electronics,Cash,Tablet,270.42,0.0
431,2024-05-11,Medical Expense,Debit card,Consultation Fee,923.02,0.0
432,2024-05-11,Insurance,Debit card,Auto insurance,109.66,0.0
433,2024-05-11,Insurance,Debit card,Health insurance,952.4,0.0
434,2024-05-11,Groceries,Cash,Grains & Bread,469.64,0.0
435,2024-05-11,Medical Expense,UPI,Medicine,299.81,0.0
436,2024-05-11,Subscription,Cash,Amazon Prime,994.8,0.0
437,2024-05-12,Insurance,Cash,Health insurance,85.42,0.0
438,2024-05-12,Electronics,UPI,Mobile,644.07,0.0
439,2024-05-12,Transportation,Credit card,Ola,535.93,15.78
440,2024-05-12,Insurance,UPI,Health insurance,127.78,0.0
441,2024-05-13,Shopping,UPI,Shopping expense,242.16,0.0
442,2024-05-13,Electronics,UPI,Tablet,497.88,0.0
443,2024-05-13,Insurance,Credit card,Health insurance,566.24,8.03
444,2024-05-13,Bills,Credit card,Gas bill,953.55,17.93
445,2024-05-13,Subscription,UPI,Netflix,946.66,0.0
446,2024-05-13,Medical Expense,UPI,Medicine,450.21,0.0
447,2024-05-14,EMI,Debit card,Washing machine,881.71,0.0
448,2024-05-14,EMI,Debit card,Mobile,242.18,0.0
449,2024-05-14,Shopping,UPI,Shopping expense,844.06,0.0
450,2024-05-15,Groceries,Debit card,Grains & Bread,481.77,0.0
451,2024-05-15,Shopping,UPI,Shopping expense,260.45,0.0
452,2024-05-15,Subscription,Cash,Spotify,540.95,0.0
453,2024-05-16,Medical Expense,Credit card,Medicine,141.94,9.24
454,2024-05-16,Groceries,Credit card,Vegetables,425.62,19.37
455,2024-05-16,Electronics,Debit card,Mobile,377.25,0.0
456,2024-05-17,Electronics,Cash,Laptop,352.84,0.0
457,2024-05-17,Medical Expense,Credit card,Consultation Fee,170.39,2.61
458,2024-05-17,Insurance,UPI,Health insurance,748.77,0.0
459,2024-05-17,Groceries,Credit card,Grains & Bread,901.3,6.3
460,2024-05-18,Electronics,Credit card,Mobile,229.47,16.99
461,2024-05-18,EMI,Debit card,Washing machine,406.71,0.0
462,2024-05-18,Subscription,Credit card,Zomato,76.16,14.78
463,2024-05-18,Medical Expense,Cash,Medicine,487.28,0.0
464,2024-05-19,Transportation,UPI,Flight,940.73,0.0
465,2024-05-19,Groceries,Credit card,Fruits,923.66,14.02
466,2024-05-20,Insurance,Credit card,Auto insurance,875.83,12.51
467,2024-05-20,Insurance,UPI,Health insurance,971.71,0.0
468,2024-05-21,Transportation,Debit card,Train,686.6,0.0
469,2024-05-21,Bills,Credit card,Wifi bill,602.69,7.64
470,2024-05-21,Electronics,Credit card,Mobile,879.69,8.26
471,2024-05-21,Medical Expense,Credit card,Medicine,818.07,19.7
472,2024-05-21,Subscription,Credit card,Zomato,579.9,8.64
473,2024-05-21,Bills,Cash,Electricity bill,634.81,0.0
474,2024-05-22,Shopping,Credit card,Shopping expense,317.68,5.14
475,2024-05-22,Bills,Credit card,Electricity bill,518.34,1.19
476,2024-05-22,Insurance,UPI,Auto insurance,738.34,0.0
477,2024-05-23,Shopping,Credit card,Shopping expense,360.6,8.49
478,2024-05-23,Subscription,Cash,Zomato,753.09,0.0
479,2024-05-23,EMI,Debit card,Car,64.06,0.0
480,2024-05-24,Insurance,Cash,Health insurance,242.14,0.0
481,2024-05-24,Subscription,UPI,Spotify,785.55,0.0
482,2024-05-24,Transportation,Cash,Bus,445.04,0.0
483,2024-05-25,Subscription,UPI,Zomato,802.78,0.0
484,2024-05-25,Subscription,UPI,Amazon Prime,535.52,0.0
485,2024-05-26,Transportation,Cash,Bus,861.83,0.0
486,2024-05-26,Subscription,Debit card,Netflix,295.46,0.0
487,2024-05-26,Groceries,Cash,Beverages,838.92,0.0
488,2024-05-26,Bills,Debit card,Water bill,642.95,0.0
489,2024-05-27,Medical Expense,Credit card,Medicine,405.09,6.86
490,2024-05-27,Groceries,UPI,Grains & Bread,291.77,0.0
491,2024-05-27,Transportation,Debit card,Train,284.87,0.0
492,2024-05-27,Groceries,UPI,Beverages,611.71,0.0
493,2024-05-28,Bills,Cash,Mobile Recharge,422.54,0.0
494,2024-05-28,Shopping,Credit card,Shopping expense,787.71,17.4
495,2024-05-28,Insurance,Debit card,Life insurance,112.45,0.0
496,2024-05-28,Transportation,UPI,Ola,273.66,0.0
497,2024-05-29,Transportation,UPI,Ola,246.5,0.0
498,2024-05-29,Subscription,Credit card,Amazon Prime,309.75,7.35
499,2024-05-30,Subscription,UPI,Netflix,657.4,0.0
500,2024-05-30,EMI,UPI,Car,482.38,0.0
501,2024-06-01,Bills,Cash,Electricity bill,860.18,0.0
502,2024-06-01,Transportation,UPI,Ola,739.47,0.0
503,2024-06-02,Electronics,Cash,Laptop,973.27,0.0
504,2024-06-02,EMI,Credit card,Car,689.01,5.27
505,2024-06-02,Subscription,UPI,Amazon Prime,170.86,0.0
506,2024-06-02,Shopping,UPI,Shopping expense,838.38,0.0
507,2024-06-03,Electronics,Credit card,Mobile,378.74,19.33
508,2024-06-03,Electronics,Credit card,Tablet,716.47,13.99
509,2024-06-03,Medical Expense,Debit card,Consultation Fee,854.71,0.0
510,2024-06-04,Medical Expense,Credit card,Medicine,77.94,3.74
511,2024-06-04,Groceries,Credit card,Grains & Bread,877.38,2.25
512,2024-06-04,Insurance,Debit card,Life insurance,925.81,0.0
513,2024-06-04,Shopping,UPI,Shopping expense,766.37,0.0
514,2024-06-04,Medical Expense,Cash,Consultation Fee,403.94,0.0
515,2024-06-05,Bills,Cash,Water bill,283.26,0.0
516,2024-06-05,EMI,Debit card,Washing machine,608.22,0.0
517,2024-06-05,EMI,UPI,Air conditioner,616.91,0.0
518,2024-06-06,EMI,Credit card,Mobile,446.55,19.26
519,2024-06-06,Insurance,UPI,Health insurance,58.22,0.0
520,2024-06-07,Electronics,Credit card,Tablet,551.33,17.58
521,2024-06-07,Shopping,UPI,Shopping expense,709.69,0.0
522,2024-06-08,Bills,UPI,Electricity bill,645.07,0.0
523,2024-06-08,Shopping,Cash,Shopping expense,513.01,0.0
524,2024-06-08,Shopping,UPI,Shopping expense,844.85,0.0
525,2024-06-08,Insurance,Cash,Auto insurance,348.03,0.0
526,2024-06-08,Medical Expense,Credit card,Medicine,212.65,15.77
527,2024-06-08,Subscription,Credit card,Zomato,888.02,8.31
528,2024-06-09,Medical Expense,Cash,Medicine,818.67,0.0
529,2024-06-09,Electronics,Credit card,Laptop,411.64,3.31
530,2024-06-09,Medical Expense,Debit card,Consultation Fee,913.66,0.0
531,2024-06-09,Subscription,UPI,Zomato,455.84,0.0
532,2024-06-09,Insurance,UPI,Auto insurance,750.08,0.0
533,2024-06-10,Electronics,Credit card,Mobile,120.73,3.18
534,2024-06-10,Shopping,Credit card,Shopping expense,136.88,16.83
535,2024-06-10,Electronics,UPI,Laptop,991.58,0.0
536,2024-06-10,Groceries,Cash,Beverages,174.44,0.0
537,2024-06-11,Subscription,Cash,Netflix,998.28,0.0
538,2024-06-11,Bills,Debit card,Wifi bill,69.7,0.0
539,2024-06-11,Electronics,Cash,Laptop,868.79,0.0
540,2024-06-12,Medical Expense,Cash,Consultation Fee,626.84,0.0
541,2024-06-12,Groceries,UPI,Fruits,413.87,0.0
542,2024-06-12,Groceries,UPI,Fruits,344.11,0.0
543,2024-06-12,Bills,UPI,Electricity bill,250.67,0.0
544,2024-06-13,EMI,Cash,Mobile,261.67,0.0
545,2024-06-13,Medical Expense,Cash,Medicine,652.11,0.0
546,2024-06-13,Bills,Debit card,Wifi bill,809.48,0.0
547,2024-06-13,Transportation,Debit card,Train,951.78,0.0
548,2024-06-14,Electronics,Debit card,Laptop,418.09,0.0
549,2024-06-14,Electronics,Cash,Mobile,183.35,0.0
550,2024-06-14,Electronics,Debit card,Tablet,633.56,0.0
551,2024-06-14,Groceries,Debit card,Grains & Bread,825.54,0.0
552,2024-06-15,Insurance,Debit card,Life insurance,641.49,0.0
553,2024-06-15,Subscription,UPI,Amazon Prime,497.81,0.0
554,2024-06-15,Shopping,Debit card,Shopping expense,804.43,0.0
555,2024-06-15,Bills,UPI,Mobile Recharge,593.65,0.0
556,2024-06-15,Bills,UPI,Water bill,807.47,0.0
557,2024-06-16,Subscription,Debit card,Netflix,261.94,0.0
558,2024-06-16,Transportation,UPI,Train,407.21,0.0
559,2024-06-17,Insurance,Cash,Health insurance,115.78,0.0
560,2024-06-17,Shopping,Cash,Shopping expense,104.69,0.0
561,2024-06-17,Groceries,Cash,Spices,534.8,0.0
562,2024-06-18,Groceries,Cash,Fruits,903.23,0.0
563,2024-06-18,Subscription,UPI,Netflix,877.23,0.0
564,2024-06-19,Subscription,Cash,Amazon Prime,394.03,0.0
565,2024-06-19,EMI,UPI,Washing machine,266.26,0.0
566,2024-06-19,Bills,Debit card,Gas bill,914.74,0.0
567,2024-06-19,Shopping,Cash,Shopping expense,960.24,0.0
568,2024-06-19,Groceries,UPI,Beverages,347.54,0.0
569,2024-06-20,Bills,Cash,Mobile Recharge,160.88,0.0
570,2024-06-20,Insurance,Credit card,Auto insurance,531.82,4.48
571,2024-06-21,Transportation,Credit card,Train,410.23,5.37
572,2024-06-21,Transportation,Cash,Train,172.17,0.0
573,2024-06-21,EMI,Debit card,Air conditioner,971.76,0.0
574,2024-06-22,Bills,Cash,Electricity bill,423.33,0.0
575,2024-06-22,Bills,Credit card,Water bill,770.64,1.26
576,2024-06-23,EMI,UPI,Air conditioner,124.11,0.0
577,2024-06-23,Transportation,Credit card,Flight,503.22,18.66
578,2024-06-23,EMI,Debit card,Air conditioner,764.17,0.0
579,2024-06-23,Transportation,Debit card,Flight,503.35,0.0
580,2024-06-23,Electronics,Cash,Mobile,801.74,0.0
581,2024-06-23,Shopping,Cash,Shopping expense,918.73,0.0
582,2024-06-23,EMI,Credit card,Car,728.67,13.08
583,2024-06-23,Transportation,Debit card,Train,969.99,0.0
584,2024-06-23,Bills,Cash,Gas bill,262.05,0.0
585,2024-06-24,Subscription,UPI,Spotify,711.65,0.0
586,2024-06-24,Electronics,Debit card,Mobile,217.81,0.0
587,2024-06-24,Bills,UPI,Mobile Recharge,566.31,0.0
588,2024-06-24,Groceries,Debit card,Beverages,104.68,0.0
589,2024-06-25,Shopping,UPI,Shopping expense,89.58,0.0
590,2024-06-26,Shopping,UPI,Shopping expense,510.32,0.0
591,2024-06-26,Transportation,Cash,Bus,540.94,0.0
592,2024-06-26,Medical Expense,UPI,Medicine,707.2,0.0
593,2024-06-26,Medical Expense,UPI,Medicine,811.12,0.0
594,2024-06-26,Medical Expense,Cash,Consultation Fee,78.15,0.0
595,2024-06-27,EMI,Credit card,Air conditioner,847.65,4.06
596,2024-06-28,Transportation,Credit card,Flight,374.92,3.42
597,2024-06-28,Subscription,Credit card,Spotify,330.78,8.0
598,2024-06-28,Bills,UPI,Water bill,874.99,0.0
599,2024-06-29,Bills,UPI,Water bill,596.98,0.0
600,2024-06-29,EMI,Cash,Washing machine,766.16,0.0
601,2024-07-01,Bills,UPI,Water bill,199.13,0.0
602,2024-07-01,Transportation,UPI,Flight,889.7,0.0
603,2024-07-02,Transportation,Cash,Bus,820.58,0.0
604,2024-07-02,Shopping,Debit card,Shopping expense,497.81,0.0
605,2024-07-03,Subscription,Cash,Amazon Prime,198.82,0.0
606,2024-07-04,Groceries,Cash,Vegetables,66.9,0.0
607,2024-07-04,EMI,Debit card,Washing machine,905.03,0.0
608,2024-07-04,Groceries,UPI,Grains & Bread,564.65,0.0
609,2024-07-05,Electronics,UPI,Tablet,483.48,0.0
610,2024-07-05,EMI,Credit card,Mobile,262.74,3.19
611,2024-07-05,Groceries,UPI,Grains & Bread,694.6,0.0
612,2024-07-05,Subscription,Cash,Amazon Prime,978.78,0.0
613,2024-07-05,Insurance,Credit card,Auto insurance,536.75,3.21
614,2024-07-06,Insurance,Credit card,Health insurance,665.98,12.98
615,2024-07-06,Insurance,Credit card,Health insurance,558.58,15.45
616,2024-07-07,Transportation,Credit card,Bus,896.36,17.6
617,2024-07-08,Medical Expense,Debit card,Consultation Fee,620.23,0.0
618,2024-07-08,Subscription,Debit card,Zomato,427.68,0.0
619,2024-07-08,EMI,UPI,Air conditioner,892.23,0.0
620,2024-07-08,Shopping,UPI,Shopping expense,332.13,0.0
621,2024-07-08,Electronics,Debit card,Mobile,892.6,0.0
622,2024-07-09,Subscription,Debit card,Zomato,446.43,0.0
623,2024-07-09,Bills,Debit card,Gas bill,403.17,0.0
624,2024-07-09,Shopping,UPI,Shopping expense,522.43,0.0
625,2024-07-09,Electronics,UPI,Tablet,238.52,0.0
626,2024-07-09,Transportation,UPI,Train,222.52,0.0
627,2024-07-10,EMI,Debit card,Car,835.01,0.0
628,2024-07-10,Bills,Cash,Gas bill,514.23,0.0
629,2024-07-10,Subscription,Cash,Amazon Prime,305.79,0.0
630,2024-07-11,Shopping,UPI,Shopping expense,71.28,0.0
631,2024-07-11,Insurance,Credit card,Auto insurance,359.35,15.97
632,2024-07-12,Insurance,UPI,Auto insurance,694.33,0.0
633,2024-07-12,Shopping,Debit card,Shopping expense,668.33,0.0
634,2024-07-12,Medical Expense,Debit card,Consultation Fee,980.8,0.0
635,2024-07-12,Bills,Credit card,Wifi bill,206.39,6.41
636,2024-07-12,Electronics,Debit card,Laptop,287.43,0.0
637,2024-07-12,EMI,UPI,Mobile,903.16,0.0
638,2024-07-13,Subscription,Debit card,Amazon Prime,979.78,0.0
639,2024-07-13,Bills,Debit card,Wifi bill,899.82,0.0
640,2024-07-13,Shopping,UPI,Shopping expense,399.3,0.0
641,2024-07-14,Groceries,Debit card,Beverages,204.55,0.0
642,2024-07-14,Bills,Credit card,Electricity bill,351.79,16.44
643,2024-07-14,Bills,Debit card,Wifi bill,424.46,0.0
644,2024-07-14,Insurance,Credit card,Auto insurance,600.99,5.0
645,2024-07-15,EMI,Credit card,Washing machine,664.08,2.88
646,2024-07-15,EMI,UPI,Washing machine,119.81,0.0
647,2024-07-15,Electronics,Credit card,Tablet,588.42,7.56
648,2024-07-15,Medical Expense,Debit card,Consultation Fee,837.3,0.0
649,2024-07-15,Shopping,Debit card,Shopping expense,633.81,0.0
650,2024-07-17,Transportation,Debit card,Bus,726.3,0.0
651,2024-07-17,Insurance,Debit card,Auto insurance,426.43,0.0
652,2024-07-17,Transportation,Cash,Ola,762.7,0.0
653,2024-07-17,Medical Expense,Cash,Medicine,517.35,0.0
654,2024-07-17,Electronics,Credit card,Tablet,507.53,13.03
655,2024-07-17,Transportation,Cash,Ola,125.85,0.0
656,2024-07-18,Subscription,Cash,Amazon Prime,737.14,0.0
657,2024-07-18,EMI,Credit card,Mobile,547.49,6.54
658,2024-07-18,Groceries,Cash,Beverages,370.09,0.0
659,2024-07-18,EMI,Debit card,Mobile,522.44,0.0
660,2024-07-18,Shopping,Credit card,Shopping expense,894.63,17.46
661,2024-07-18,Insurance,Debit card,Life insurance,206.25,0.0
662,2024-07-18,EMI,Cash,Car,873.9,0.0
663,2024-07-19,EMI,Debit card,Car,383.48,0.0
664,2024-07-19,Shopping,Credit card,Shopping expense,739.12,11.21
665,2024-07-20,Subscription,Debit card,Zomato,386.67,0.0
666,2024-07-20,Bills,UPI,Wifi bill,305.35,0.0
667,2024-07-21,Insurance,Credit card,Life insurance,683.59,12.23
668,2024-07-21,Insurance,Cash,Health insurance,775.4,0.0
669,2024-07-21,EMI,Credit card,Air conditioner,416.36,6.66
670,2024-07-22,Bills,UPI,Water bill,327.43,0.0
671,2024-07-22,EMI,Debit card,Air conditioner,376.52,0.0
672,2024-07-22,EMI,Debit card,Mobile,805.84,0.0
673,2024-07-23,Bills,Cash,Wifi bill,373.41,0.0
674,2024-07-23,EMI,Debit card,Air conditioner,151.01,0.0
675,2024-07-23,EMI,Debit card,Car,377.22,0.0
676,2024-07-23,EMI,Debit card,Car,645.24,0.0
677,2024-07-23,EMI,UPI,Washing machine,750.44,0.0
678,2024-07-24,Groceries,Cash,Beverages,992.19,0.0
679,2024-07-24,Groceries,UPI,Diary & eggs,970.04,0.0
680,2024-07-25,Groceries,UPI,Fruits,900.6,0.0
681,2024-07-25,Transportation,Cash,Train,679.65,0.0
682,2024-07-25,Medical Expense,Debit card,Consultation Fee,608.05,0.0
683,2024-07-25,Electronics,Cash,Mobile,798.61,0.0
684,2024-07-25,Subscription,UPI,Netflix,619.89,0.0
685,2024-07-26,EMI,Credit card,Washing machine,667.71,19.89
686,2024-07-26,Shopping,UPI,Shopping expense,970.45,0.0
687,2024-07-26,Groceries,Cash,Spices,514.84,0.0
688,2024-07-26,Medical Expense,UPI,Medicine,161.79,0.0
689,2024-07-26,Shopping,Debit card,Shopping expense,772.51,0.0
690,2024-07-26,Transportation,Cash,Flight,407.0,0.0
691,2024-07-27,Shopping,Cash,Shopping expense,629.96,0.0
692,2024-07-28,Electronics,Cash,Tablet,264.09,0.0
693,2024-07-28,Medical Expense,Debit card,Medicine,165.46,0.0
694,2024-07-28,Subscription,Debit card,Netflix,592.64,0.0
695,2024-07-28,Groceries,Credit card,Fruits,771.75,1.25
696,2024-07-28,Transportation,UPI,Ola,754.69,0.0
697,2024-07-28,Subscription,Cash,Amazon Prime,108.13,0.0
698,2024-07-29,Insurance,Debit card,Health insurance,197.87,0.0
699,2024-07-30,Electronics,Credit card,Mobile,995.02,1.5
700,2024-07-30,Subscription,UPI,Netflix,433.42,0.0
701,2024-08-01,EMI,Debit card,Washing machine,69.32,0.0
702,2024-08-01,EMI,UPI,Car,120.36,0.0
703,2024-08-02,Groceries,Debit card,Diary & eggs,267.08,0.0
704,2024-08-03,Bills,Debit card,Water bill,914.37,0.0
705,2024-08-03,Transportation,Debit card,Bus,288.38,0.0
706,2024-08-03,Insurance,Debit card,Auto insurance,251.31,0.0
707,2024-08-03,Shopping,Debit card,Shopping expense,325.43,0.0
708,2024-08-03,Bills,UPI,Electricity bill,798.61,0.0
709,2024-08-04,Insurance,Debit card,Health insurance,244.25,0.0
710,2024-08-04,Electronics,UPI,Tablet,167.17,0.0
711,2024-08-05,Subscription,Debit card,Amazon Prime,785.2,0.0
712,2024-08-05,Transportation,Cash,Flight,386.13,0.0
713,2024-08-05,Bills,Debit card,Mobile Recharge,384.71,0.0
714,2024-08-05,Medical Expense,Cash,Medicine,131.29,0.0
715,2024-08-06,Electronics,Cash,Laptop,724.16,0.0
716,2024-08-06,Transportation,Credit card,Flight,459.67,20.0
717,2024-08-06,Groceries,Cash,Fruits,149.89,0.0
718,2024-08-07,Medical Expense,Cash,Consultation Fee,570.82,0.0
719,2024-08-07,Bills,UPI,Electricity bill,703.48,0.0
720,2024-08-07,Transportation,Debit card,Flight,536.09,0.0
721,2024-08-07,Subscription,Cash,Spotify,909.83,0.0
722,2024-08-08,Bills,Cash,Electricity bill,910.64,0.0
723,2024-08-08,Subscription,Cash,Amazon Prime,813.6,0.0
724,2024-08-08,Groceries,UPI,Grains & Bread,428.46,0.0
725,2024-08-09,Bills,Debit card,Water bill,301.57,0.0
726,2024-08-09,Shopping,Cash,Shopping expense,388.64,0.0
727,2024-08-09,Subscription,Cash,Amazon Prime,197.9,0.0
728,2024-08-09,Medical Expense,Cash,Medicine,289.25,0.0
729,2024-08-10,Shopping,Cash,Shopping expense,884.22,0.0
730,2024-08-11,Shopping,Debit card,Shopping expense,851.4,0.0
731,2024-08-11,Subscription,UPI,Netflix,602.23,0.0
732,2024-08-11,Transportation,Credit card,Flight,805.02,8.76
733,2024-08-12,Medical Expense,Debit card,Medicine,305.33,0.0
734,2024-08-12,EMI,Debit card,Washing machine,80.39,0.0
735,2024-08-12,Groceries,Cash,Beverages,866.6,0.0
736,2024-08-13,Subscription,UPI,Amazon Prime,929.17,0.0
737,2024-08-13,Insurance,UPI,Health insurance,278.72,0.0
738,2024-08-13,EMI,UPI,Washing machine,824.43,0.0
739,2024-08-14,Groceries,Credit card,Diary & eggs,477.8,14.17
740,2024-08-14,Medical Expense,Credit card,Medicine,754.46,16.25
741,2024-08-14,Electronics,Cash,Tablet,939.44,0.0
742,2024-08-15,EMI,Cash,Mobile,598.19,0.0
743,2024-08-15,Groceries,UPI,Beverages,76.39,0.0
744,2024-08-16,Medical Expense,UPI,Consultation Fee,463.03,0.0
745,2024-08-16,EMI,Credit card,Mobile,695.24,13.75
746,2024-08-16,Shopping,Debit card,Shopping expense,741.06,0.0
747,2024-08-16,Subscription,Cash,Netflix,161.71,0.0
748,2024-08-16,Shopping,Debit card,Shopping expense,494.82,0.0
749,2024-08-17,Bills,Cash,Wifi bill,819.77,0.0
750,2024-08-17,EMI,Debit card,Washing machine,775.82,0.0
751,2024-08-17,Electronics,UPI,Tablet,128.2,0.0
752,2024-08-17,Electronics,Cash,Laptop,523.15,0.0
753,2024-08-17,Bills,UPI,Electricity bill,397.05,0.0
754,2024-08-18,Groceries,UPI,Diary & eggs,523.89,0.0
755,2024-08-18,EMI,UPI,Air conditioner,458.7,0.0
756,2024-08-18,Bills,Credit card,Mobile Recharge,354.87,2.29
757,2024-08-19,Subscription,Cash,Netflix,50.65,0.0
758,2024-08-19,Bills,Debit card,Electricity bill,623.59,0.0
759,2024-08-20,Shopping,Cash,Shopping expense,943.98,0.0
760,2024-08-21,EMI,Cash,Washing machine,939.08,0.0
761,2024-08-21,Medical Expense,Credit card,Medicine,228.6,14.27
762,2024-08-21,Electronics,Cash,Tablet,728.99,0.0
763,2024-08-21,EMI,UPI,Car,511.81,0.0
764,2024-08-21,Insurance,Debit card,Auto insurance,66.12,0.0
765,2024-08-22,Shopping,Credit card,Shopping expense,173.84,15.84
766,2024-08-22,Medical Expense,Cash,Medicine,461.5,0.0
767,2024-08-22,Transportation,UPI,Flight,264.41,0.0
768,2024-08-22,Electronics,UPI,Laptop,506.03,0.0
769,2024-08-22,Electronics,UPI,Tablet,531.21,0.0
770,2024-08-23,EMI,Cash,Air conditioner,942.53,0.0
771,2024-08-23,Shopping,Credit card,Shopping expense,530.61,7.83
772,2024-08-23,Bills,Cash,Wifi bill,984.01,0.0
773,2024-08-23,Medical Expense,Debit card,Consultation Fee,600.03,0.0
774,2024-08-23,EMI,Credit card,Air conditioner,724.04,1.62
775,2024-08-24,Shopping,UPI,Shopping expense,598.61,0.0
776,2024-08-24,Groceries,Cash,Diary & eggs,833.58,0.0
777,2024-08-24,EMI,UPI,Washing machine,916.02,0.0
778,2024-08-24,EMI,UPI,Car,285.83,0.0
779,2024-08-24,Shopping,UPI,Shopping expense,546.69,0.0
780,2024-08-25,Bills,Debit card,Mobile Recharge,654.53,0.0
781,2024-08-25,Electronics,Debit card,Mobile,612.78,0.0
782,2024-08-26,Groceries,UPI,Beverages,523.26,0.0
783,2024-08-26,Transportation,Cash,Ola,150.84,0.0
784,2024-08-26,Medical Expense,Cash,Consultation Fee,333.76,0.0
785,2024-08-26,Electronics,Cash,Laptop,785.67,0.0
786,2024-08-26,Subscription,Debit card,Zomato,163.88,0.0
787,2024-08-27,Medical Expense,Debit card,Consultation Fee,292.12,0.0
788,2024-08-28,Subscription,Cash,Spotify,902.91,0.0
789,2024-08-28,Transportation,Cash,Flight,934.53,0.0
790,2024-08-28,Subscription,Cash,Zomato,840.63,0.0
791,2024-08-28,Groceries,Cash,Beverages,358.49,0.0
792,2024-08-29,Subscription,Cash,Amazon Prime,389.54,0.0
793,2024-08-29,Groceries,Cash,Beverages,214.11,0.0
794,2024-08-29,Subscription,Cash,Netflix,311.41,0.0
795,2024-08-30,EMI,Cash,Air conditioner,768.34,0.0
796,2024-08-30,Transportation,Credit card,Ola,129.69,6.78
797,2024-08-30,Insurance,UPI,Health insurance,140.4,0.0
798,2024-08-30,Shopping,UPI,Shopping expense,465.71,0.0
799,2024-08-30,Insurance,Debit card,Auto insurance,53.72,0.0
800,2024-08-30,Shopping,Credit card,Shopping expense,293.07,3.14
801,2024-09-01,Transportation,Cash,Flight,422.11,0.0
802,2024-09-01,EMI,UPI,Air conditioner,265.72,0.0
803,2024-09-02,Bills,Credit card,Mobile Recharge,246.27,5.37
804,2024-09-02,Subscription,Credit card,Spotify,120.89,13.77
805,2024-09-04,Medical Expense,Cash,Medicine,124.4,0.0
806,2024-09-04,Groceries,UPI,Beverages,731.23,0.0
807,2024-09-04,Electronics,Cash,Tablet,766.04,0.0
808,2024-09-04,Insurance,Cash,Life insurance,216.54,0.0
809,2024-09-05,Groceries,Credit card,Beverages,734.22,5.0
810,2024-09-05,Electronics,Cash,Laptop,753.42,0.0
811,2024-09-06,Shopping,UPI,Shopping expense,521.48,0.0
812,2024-09-06,Insurance,Credit card,Life insurance,183.15,17.75
813,2024-09-06,Electronics,Cash,Tablet,372.1,0.0
814,2024-09-06,EMI,Debit card,Car,867.13,0.0
815,2024-09-06,Shopping,Cash,Shopping expense,257.77,0.0
816,2024-09-06,Insurance,Cash,Health insurance,403.58,0.0
817,2024-09-07,Transportation,Credit card,Bus,753.87,1.21
818,2024-09-07,Bills,UPI,Wifi bill,652.93,0.0
819,2024-09-07,Groceries,UPI,Grains & Bread,964.69,0.0
820,2024-09-07,Bills,Credit card,Electricity bill,69.9,11.81
821,2024-09-07,Medical Expense,Credit card,Consultation Fee,626.02,12.07
822,2024-09-07,Bills,Cash,Electricity bill,529.54,0.0
823,2024-09-07,Shopping,Debit card,Shopping expense,150.92,0.0
824,2024-09-07,Subscription,Debit card,Amazon Prime,427.92,0.0
825,2024-09-08,Groceries,Debit card,Diary & eggs,679.06,0.0
826,2024-09-08,Medical Expense,Credit card,Consultation Fee,103.73,1.65
827,2024-09-09,EMI,UPI,Air conditioner,682.81,0.0
828,2024-09-09,Groceries,UPI,Diary & eggs,576.6,0.0
829,2024-09-09,Transportation,Credit card,Train,399.64,11.15
830,2024-09-09,Groceries,UPI,Beverages,447.89,0.0
831,2024-09-10,Bills,UPI,Mobile Recharge,852.7,0.0
832,2024-09-10,Shopping,Debit card,Shopping expense,782.95,0.0
833,2024-09-10,Subscription,Credit card,Zomato,535.7,1.68
834,2024-09-10,Groceries,Debit card,Beverages,360.72,0.0
835,2024-09-11,Shopping,Cash,Shopping expense,449.21,0.0
836,2024-09-11,Medical Expense,UPI,Medicine,369.35,0.0
837,2024-09-11,Transportation,UPI,Train,884.99,0.0
838,2024-09-11,Bills,Debit card,Water bill,961.64,0.0
839,2024-09-11,Bills,Credit card,Mobile Recharge,918.75,12.62
840,2024-09-11,Transportation,Credit card,Train,399.17,7.14
841,2024-09-12,EMI,UPI,Washing machine,218.31,0.0
842,2024-09-12,EMI,Credit card,Car,451.66,17.59
843,2024-09-12,EMI,UPI,Car,307.36,0.0
844,2024-09-12,Electronics,UPI,Laptop,920.57,0.0
845,2024-09-13,Groceries,Credit card,Diary & eggs,960.43,2.61
846,2024-09-13,Subscription,Credit card,Zomato,752.07,12.48
847,2024-09-13,EMI,Credit card,Car,932.14,5.35
848,2024-09-13,Medical Expense,Debit card,Medicine,444.73,0.0
849,2024-09-14,EMI,UPI,Washing machine,401.14,0.0
850,2024-09-14,Subscription,Credit card,Spotify,603.81,17.2
851,2024-09-14,Subscription,Debit card,Amazon Prime,584.97,0.0
852,2024-09-14,Electronics,Cash,Laptop,185.53,0.0
853,2024-09-15,Medical Expense,Cash,Medicine,601.08,0.0
854,2024-09-15,Groceries,Credit card,Beverages,139.12,16.52
855,2024-09-15,Medical Expense,UPI,Medicine,193.14,0.0
856,2024-09-16,EMI,Cash,Washing machine,540.15,0.0
857,2024-09-16,Groceries,Cash,Diary & eggs,543.53,0.0
858,2024-09-16,Subscription,Cash,Amazon Prime,175.9,0.0
859,2024-09-16,Transportation,Credit card,Ola,736.04,15.53
860,2024-09-17,Insurance,Credit card,Auto insurance,663.25,15.03
861,2024-09-17,Insurance,UPI,Auto insurance,302.83,0.0
862,2024-09-17,Groceries,Cash,Diary & eggs,816.82,0.0
863,2024-09-18,Shopping,UPI,Shopping expense,438.77,0.0
864,2024-09-18,Shopping,UPI,Shopping expense,571.46,0.0
865,2024-09-19,Medical Expense,UPI,Medicine,326.64,0.0
866,2024-09-19,EMI,Credit card,Washing machine,558.5,11.48
867,2024-09-19,Bills,UPI,Mobile Recharge,532.86,0.0
868,2024-09-19,Shopping,Debit card,Shopping expense,454.51,0.0
869,2024-09-19,Bills,Cash,Water bill,555.75,0.0
870,2024-09-20,Insurance,Debit card,Health insurance,608.09,0.0
871,2024-09-20,Medical Expense,Credit card,Medicine,382.98,5.59
872,2024-09-20,EMI,UPI,Mobile,267.7,0.0
873,2024-09-20,EMI,Debit card,Air conditioner,170.95,0.0
874,2024-09-20,Transportation,UPI,Flight,60.02,0.0
875,2024-09-20,Subscription,Debit card,Spotify,463.9,0.0
876,2024-09-20,Insurance,Debit card,Auto insurance,183.49,0.0
877,2024-09-21,Electronics,Debit card,Laptop,517.84,0.0
878,2024-09-21,Bills,UPI,Wifi bill,452.19,0.0
879,2024-09-21,EMI,UPI,Mobile,834.73,0.0
880,2024-09-21,Shopping,Cash,Shopping expense,158.81,0.0
881,2024-09-21,Insurance,Credit card,Health insurance,960.1,15.4
882,2024-09-22,EMI,UPI,Mobile,568.85,0.0
883,2024-09-22,EMI,Cash,Air conditioner,845.39,0.0
884,2024-09-23,Shopping,Credit card,Shopping expense,519.23,16.27
885,2024-09-23,Subscription,Credit card,Amazon Prime,850.86,17.23
886,2024-09-25,Shopping,UPI,Shopping expense,874.55,0.0
887,2024-09-25,Electronics,Debit card,Laptop,200.77,0.0
888,2024-09-25,Transportation,UPI,Train,380.59,0.0
889,2024-09-26,Bills,Debit card,Electricity bill,297.01,0.0
890,2024-09-26,EMI,Debit card,Car,719.72,0.0
891,2024-09-26,EMI,Cash,Air conditioner,517.83,0.0
892,2024-09-27,Shopping,Credit card,Shopping expense,584.07,12.8
893,2024-09-27,Electronics,UPI,Mobile,726.6,0.0
894,2024-09-27,Groceries,Credit card,Grains & Bread,750.84,16.03
895,2024-09-28,EMI,Cash,Air conditioner,791.62,0.0
896,2024-09-28,Subscription,Debit card,Amazon Prime,622.26,0.0
897,2024-09-28,Transportation,Debit card,Flight,427.94,0.0
898,2024-09-28,Medical Expense,Cash,Consultation Fee,599.28,0.0
899,2024-09-29,Bills,Cash,Water bill,728.18,0.0
900,2024-09-29,Transportation,Credit card,Train,346.08,2.68
901,2024-10-01,Subscription,Debit card,Spotify,142.93,0.0
902,2024-10-01,Transportation,Cash,Ola,592.48,0.0
903,2024-10-01,Electronics,Cash,Mobile,184.46,0.0
904,2024-10-02,Electronics,UPI,Laptop,569.49,0.0
905,2024-10-02,Medical Expense,Cash,Medicine,627.44,0.0
906,2024-10-02,Electronics,Debit card,Tablet,772.36,0.0
907,2024-10-03,Medical Expense,Cash,Consultation Fee,208.99,0.0
908,2024-10-03,Insurance,Credit card,Auto insurance,317.07,12.26
909,2024-10-03,Insurance,Cash,Auto insurance,747.11,0.0
910,2024-10-03,Medical Expense,UPI,Consultation Fee,501.31,0.0
911,2024-10-03,Bills,Cash,Mobile Recharge,868.88,0.0
912,2024-10-03,Bills,UPI,Water bill,919.26,0.0
913,2024-10-04,Groceries,Debit card,Grains & Bread,956.49,0.0
914,2024-10-04,EMI,Debit card,Washing machine,400.9,0.0
915,2024-10-04,Insurance,Debit card,Health insurance,753.97,0.0
916,2024-10-04,Groceries,UPI,Spices,70.54,0.0
917,2024-10-04,Electronics,Cash,Tablet,768.83,0.0
918,2024-10-05,Groceries,Debit card,Spices,810.29,0.0
919,2024-10-06,Groceries,Debit card,Beverages,471.28,0.0
920,2024-10-06,Bills,UPI,Gas bill,277.71,0.0
921,2024-10-06,Subscription,Cash,Zomato,891.12,0.0
922,2024-10-07,Insurance,Cash,Auto insurance,161.85,0.0
923,2024-10-08,Insurance,UPI,Auto insurance,380.36,0.0
924,2024-10-08,Bills,Credit card,Electricity bill,600.24,8.36
925,2024-10-09,Shopping,UPI,Shopping expense,797.52,0.0
926,2024-10-10,Shopping,Credit card,Shopping expense,184.66,14.46
927,2024-10-10,Medical Expense,Cash,Medicine,155.36,0.0
928,2024-10-10,Transportation,Debit card,Train,435.13,0.0
929,2024-10-11,EMI,Credit card,Air conditioner,643.42,7.52
930,2024-10-11,Bills,UPI,Gas bill,374.41,0.0
931,2024-10-11,Groceries,Cash,Spices,657.72,0.0
932,2024-10-11,Medical Expense,Debit card,Consultation Fee,53.22,0.0
933,2024-10-12,Bills,Credit card,Wifi bill,243.23,18.39
934,2024-10-12,Insurance,Debit card,Health insurance,825.36,0.0
935,2024-10-12,Shopping,UPI,Shopping expense,848.29,0.0
936,2024-10-13,Shopping,Credit card,Shopping expense,542.29,17.05
937,2024-10-13,Electronics,Credit card,Laptop,724.02,1.66
938,2024-10-13,Medical Expense,UPI,Medicine,419.0,0.0
939,2024-10-14,Transportation,Debit card,Flight,970.28,0.0
940,2024-10-14,Shopping,Cash,Shopping expense,114.39,0.0
941,2024-10-14,Electronics,Debit card,Tablet,773.59,0.0
942,2024-10-14,Medical Expense,Cash,Medicine,417.01,0.0
943,2024-10-14,EMI,Credit card,Car,858.83,14.65
944,2024-10-15,Electronics,Cash,Laptop,917.42,0.0
945,2024-10-15,Subscription,Cash,Netflix,301.62,0.0
946,2024-10-15,Bills,Cash,Wifi bill,141.26,0.0
947,2024-10-15,Electronics,Cash,Tablet,984.93,0.0
948,2024-10-15,Shopping,UPI,Shopping expense,195.12,0.0
949,2024-10-16,Electronics,Credit card,Mobile,62.98,15.16
950,2024-10-16,Bills,Credit card,Electricity bill,327.38,13.63
951,2024-10-16,EMI,UPI,Car,417.65,0.0
952,2024-10-16,EMI,Credit card,Air conditioner,294.48,17.35
953,2024-10-16,Groceries,Cash,Grains & Bread,657.65,0.0
954,2024-10-16,Groceries,Debit card,Beverages,667.82,0.0
955,2024-10-17,Transportation,Credit card,Bus,268.53,1.21
956,2024-10-17,Electronics,Cash,Tablet,412.06,0.0
957,2024-10-17,Transportation,UPI,Bus,933.54,0.0
958,2024-10-17,EMI,UPI,Car,511.04,0.0
959,2024-10-17,Electronics,UPI,Laptop,560.11,0.0
960,2024-10-18,Shopping,Debit card,Shopping expense,95.41,0.0
961,2024-10-18,Groceries,Credit card,Vegetables,683.88,8.35
962,2024-10-18,Electronics,Cash,Mobile,605.23,0.0
963,2024-10-18,Electronics,Cash,Tablet,898.72,0.0
964,2024-10-18,Bills,Credit card,Electricity bill,453.27,5.11
965,2024-10-18,Subscription,Credit card,Spotify,595.14,17.98
966,2024-10-20,EMI,Cash,Washing machine,891.79,0.0
967,2024-10-21,Electronics,UPI,Laptop,339.08,0.0
968,2024-10-21,Subscription,UPI,Netflix,272.49,0.0
969,2024-10-22,Electronics,Cash,Tablet,733.87,0.0
970,2024-10-22,Bills,Debit card,Water bill,349.52,0.0
971,2024-10-22,EMI,Cash,Mobile,770.21,0.0
972,2024-10-22,EMI,Credit card,Mobile,365.69,9.56
973,2024-10-22,EMI,Cash,Car,427.27,0.0
974,2024-10-22,Medical Expense,Cash,Consultation Fee,902.12,0.0
975,2024-10-22,Shopping,UPI,Shopping expense,169.19,0.0
976,2024-10-22,Bills,Debit card,Mobile Recharge,627.95,0.0
977,2024-10-23,Shopping,Cash,Shopping expense,878.15,0.0
978,2024-10-23,EMI,Credit card,Mobile,659.75,4.91
979,2024-10-23,Groceries,Cash,Beverages,620.35,0.0
980,2024-10-24,Groceries,UPI,Fruits,458.18,0.0
981,2024-10-24,Transportation,Debit card,Flight,217.27,0.0
982,2024-10-24,Groceries,Cash,Grains & Bread,826.3,0.0
983,2024-10-24,Groceries,Debit card,Grains & Bread,426.78,0.0
984,2024-10-25,Electronics,UPI,Mobile,489.04,0.0
985,2024-10-25,Electronics,Cash,Tablet,426.85,0.0
986,2024-10-25,Transportation,Cash,Train,831.76,0.0
987,2024-10-25,Insurance,UPI,Life insurance,237.89,0.0
988,2024-10-26,Transportation,Cash,Train,153.14,0.0
989,2024-10-26,Electronics,UPI,Mobile,721.27,0.0
990,2024-10-26,Subscription,UPI,Amazon Prime,265.24,0.0
991,2024-10-27,EMI,Credit card,Washing machine,985.91,2.95
992,2024-10-27,Insurance,UPI,Auto insurance,766.23,0.0
993,2024-10-27,Subscription,Cash,Netflix,900.29,0.0
994,2024-10-27,Subscription,UPI,Spotify,249.63,0.0
995,2024-10-27,Groceries,Debit card,Diary & eggs,269.36,0.0
996,2024-10-28,Insurance,Debit card,Life insurance,520.89,0.0
997,2024-10-29,Shopping,Debit card,Shopping expense,507.82,0.0
998,2024-10-29,Transportation,UPI,Bus,429.24,0.0
999,2024-10-29,Transportation,Cash,Bus,297.09,0.0
1000,2024-10-30,Subscription,Credit card,Amazon Prime,86.1,13.38
1001,2024-11-01,Subscription,Cash,Spotify,131.51,0.0
1002,2024-11-03,Subscription,Debit card,Netflix,803.91,0.0
1003,2024-11-03,Insurance,Credit card,Auto insurance,560.29,15.16
1004,2024-11-03,Subscription,Cash,Spotify,743.34,0.0
1005,2024-11-03,Transportation,UPI,Train,732.16,0.0
1006,2024-11-03,Subscription,Debit card,Zomato,878.09,0.0
1007,2024-11-04,Groceries,Debit card,Beverages,212.74,0.0
1008,2024-11-04,Groceries,Credit card,Grains & Bread,418.22,16.32
1009,2024-11-04,Insurance,Cash,Life insurance,554.04,0.0
1010,2024-11-04,Medical Expense,UPI,Medicine,502.64,0.0
1011,2024-11-04,Insurance,Cash,Auto insurance,727.2,0.0
1012,2024-11-05,EMI,Credit card,Mobile,966.0,5.22
1013,2024-11-05,Insurance,Cash,Health insurance,182.57,0.0
1014,2024-11-05,Shopping,Cash,Shopping expense,654.19,0.0
1015,2024-11-05,Transportation,Cash,Train,867.67,0.0
1016,2024-11-06,Transportation,Credit card,Bus,122.94,7.87
1017,2024-11-06,Shopping,Credit card,Shopping expense,900.03,18.2
1018,2024-11-06,Insurance,Credit card,Health insurance,428.4,6.14
1019,2024-11-06,Insurance,Cash,Auto insurance,486.58,0.0
1020,2024-11-06,Electronics,Cash,Laptop,340.47,0.0
1021,2024-11-07,EMI,UPI,Air conditioner,75.42,0.0
1022,2024-11-07,Insurance,Cash,Health insurance,961.44,0.0
1023,2024-11-07,Insurance,UPI,Health insurance,464.15,0.0
1024,2024-11-07,Transportation,Cash,Flight,266.9,0.0
1025,2024-11-07,Shopping,Cash,Shopping expense,300.21,0.0
1026,2024-11-07,Transportation,Debit card,Bus,89.79,0.0
1027,2024-11-08,Insurance,Credit card,Health insurance,404.21,10.5
1028,2024-11-08,Subscription,Debit card,Netflix,254.25,0.0
1029,2024-11-08,Medical Expense,Debit card,Consultation Fee,508.57,0.0
1030,2024-11-09,Insurance,UPI,Health insurance,79.35,0.0
1031,2024-11-09,Shopping,Debit card,Shopping expense,599.54,0.0
1032,2024-11-09,Shopping,Credit card,Shopping expense,474.88,14.97
1033,2024-11-10,Insurance,Credit card,Auto insurance,522.51,2.72
1034,2024-11-10,Transportation,UPI,Train,567.22,0.0
1035,2024-11-10,Insurance,Credit card,Life insurance,637.97,4.82
1036,2024-11-11,Electronics,Credit card,Mobile,779.67,14.96
1037,2024-11-12,Bills,Credit card,Mobile Recharge,337.29,1.32
1038,2024-11-12,EMI,Cash,Car,743.21,0.0
1039,2024-11-12,Shopping,UPI,Shopping expense,572.49,0.0
1040,2024-11-12,Groceries,UPI,Beverages,615.57,0.0
1041,2024-11-12,Medical Expense,Credit card,Consultation Fee,887.28,11.73
1042,2024-11-13,Shopping,Credit card,Shopping expense,481.25,15.32
1043,2024-11-14,Bills,UPI,Water bill,986.52,0.0
1044,2024-11-14,EMI,Debit card,Mobile,772.25,0.0
1045,2024-11-15,Subscription,Credit card,Spotify,228.62,18.72
1046,2024-11-15,Groceries,Debit card,Beverages,418.75,0.0
1047,2024-11-15,Subscription,UPI,Amazon Prime,254.74,0.0
1048,2024-11-15,Subscription,Credit card,Zomato,625.69,6.19
1049,2024-11-16,Electronics,Debit card,Laptop,174.95,0.0
1050,2024-11-16,Bills,Credit card,Mobile Recharge,886.68,17.22
1051,2024-11-16,Electronics,UPI,Tablet,986.75,0.0
1052,2024-11-17,Transportation,Credit card,Bus,106.21,15.69
1053,2024-11-17,Medical Expense,Debit card,Medicine,967.9,0.0
1054,2024-11-18,Bills,Debit card,Water bill,696.6,0.0
1055,2024-11-18,Transportation,Debit card,Train,674.95,0.0
1056,2024-11-19,Groceries,Debit card,Spices,846.79,0.0
1057,2024-11-19,Medical Expense,UPI,Consultation Fee,725.24,0.0
1058,2024-11-19,Groceries,Debit card,Vegetables,812.77,0.0
1059,2024-11-19,Transportation,Debit card,Flight,412.42,0.0
1060,2024-11-20,Bills,Debit card,Mobile Recharge,540.62,0.0
1061,2024-11-20,Subscription,Debit card,Amazon Prime,86.26,0.0
1062,2024-11-20,EMI,Debit card,Washing machine,394.26,0.0
1063,2024-11-20,Electronics,UPI,Laptop,632.11,0.0
1064,2024-11-20,Groceries,Credit card,Vegetables,654.35,13.39
1065,2024-11-20,Medical Expense,Cash,Consultation Fee,440.1,0.0
1066,2024-11-21,EMI,UPI,Air conditioner,771.16,0.0
1067,2024-11-21,Insurance,UPI,Life insurance,673.33,0.0
1068,2024-11-21,Electronics,Cash,Laptop,456.25,0.0
1069,2024-11-21,Insurance,UPI,Auto insurance,951.56,0.0
1070,2024-11-21,Transportation,Cash,Train,347.43,0.0
1071,2024-11-22,Bills,Debit card,Water bill,596.46,0.0
1072,2024-11-22,Insurance,Debit card,Auto insurance,639.73,0.0
1073,2024-11-22,Transportation,Cash,Train,915.92,0.0
1074,2024-11-22,Electronics,Debit card,Laptop,905.8,0.0
1075,2024-11-22,Groceries,Cash,Vegetables,527.51,0.0
1076,2024-11-22,Electronics,Cash,Tablet,199.76,0.0
1077,2024-11-23,Electronics,Credit card,Mobile,394.06,12.44
1078,2024-11-23,Medical Expense,Debit card,Consultation Fee,969.67,0.0
1079,2024-11-23,Shopping,Cash,Shopping expense,657.87,0.0
1080,2024-11-23,Groceries,Debit card,Beverages,124.48,0.0
1081,2024-11-24,Groceries,Cash,Diary & eggs,395.16,0.0
1082,2024-11-24,Insurance,UPI,Health insurance,646.78,0.0
1083,2024-11-24,Bills,Cash,Gas bill,959.36,0.0
1084,2024-11-25,Subscription,Cash,Spotify,592.33,0.0
1085,2024-11-26,EMI,Credit card,Washing machine,671.6,15.88
1086,2024-11-26,Electronics,Credit card,Tablet,729.39,13.75
1087,2024-11-26,Subscription,Debit card,Zomato,297.88,0.0
1088,2024-11-26,Groceries,Cash,Diary & eggs,976.67,0.0
1089,2024-11-26,Shopping,Debit card,Shopping expense,847.67,0.0
1090,2024-11-27,Subscription,Credit card,Spotify,601.34,17.06
1091,2024-11-27,EMI,Cash,Car,727.29,0.0
1092,2024-11-27,EMI,Cash,Mobile,303.75,0.0
1093,2024-11-27,Electronics,UPI,Mobile,253.59,0.0
1094,2024-11-27,Bills,Cash,Gas bill,295.7,0.0
1095,2024-11-28,Medical Expense,UPI,Medicine,349.7,0.0
1096,2024-11-28,Shopping,Cash,Shopping expense,604.83,0.0
1097,2024-11-28,Medical Expense,Debit card,Medicine,77.87,0.0
1098,2024-11-28,EMI,UPI,Car,757.08,0.0
1099,2024-11-29,Medical Expense,UPI,Medicine,263.96,0.0
1100,2024-11-29,Medical Expense,Credit card,Consultation Fee,769.12,5.04
1101,2024-12-01,Groceries,Cash,Fruits,367.74,0.0
1102,2024-12-01,Bills,Credit card,Electricity bill,222.75,12.96
1103,2024-12-01,EMI,Cash,Washing machine,320.35,0.0
1104,2024-12-01,EMI,UPI,Washing machine,614.65,0.0
1105,2024-12-01,Subscription,UPI,Spotify,306.19,0.0
1106,2024-12-01,Transportation,Cash,Ola,317.87,0.0
1107,2024-12-01,Medical Expense,Debit card,Medicine,836.51,0.0
1108,2024-12-02,Groceries,Credit card,Spices,349.55,8.08
1109,2024-12-02,Insurance,Credit card,Auto insurance,491.2,14.1
1110,2024-12-02,Subscription,UPI,Netflix,316.52,0.0
1111,2024-12-02,Transportation,UPI,Bus,414.26,0.0
1112,2024-12-02,Shopping,Debit card,Shopping expense,563.86,0.0
1113,2024-12-03,Subscription,Debit card,Zomato,509.68,0.0
1114,2024-12-03,Medical Expense,Cash,Consultation Fee,906.02,0.0
1115,2024-12-03,EMI,Cash,Washing machine,906.97,0.0
1116,2024-12-03,Insurance,Debit card,Life insurance,702.75,0.0
1117,2024-12-04,Insurance,Credit card,Health insurance,313.38,3.97
1118,2024-12-04,Electronics,Debit card,Mobile,80.25,0.0
1119,2024-12-05,Transportation,Debit card,Ola,882.15,0.0
1120,2024-12-05,Groceries,UPI,Fruits,990.93,0.0
1121,2024-12-05,Insurance,Debit card,Health insurance,607.16,0.0
1122,2024-12-05,Bills,Debit card,Water bill,941.98,0.0
1123,2024-12-06,Groceries,Cash,Vegetables,733.6,0.0
1124,2024-12-06,Insurance,Debit card,Health insurance,153.46,0.0
1125,2024-12-06,Groceries,UPI,Beverages,822.23,0.0
1126,2024-12-06,Electronics,Credit card,Laptop,243.26,14.39
1127,2024-12-06,Groceries,Credit card,Fruits,209.66,11.85
1128,2024-12-06,Shopping,Credit card,Shopping expense,332.84,7.74
1129,2024-12-06,Subscription,Debit card,Amazon Prime,886.97,0.0
1130,2024-12-07,Shopping,Credit card,Shopping expense,953.5,1.44
1131,2024-12-08,Electronics,Debit card,Laptop,278.75,0.0
1132,2024-12-08,Medical Expense,Cash,Medicine,427.92,0.0
1133,2024-12-08,Insurance,Debit card,Auto insurance,847.29,0.0
1134,2024-12-08,EMI,Credit card,Car,663.45,20.0
1135,2024-12-09,Bills,Credit card,Wifi bill,68.93,14.48
1136,2024-12-09,Shopping,Debit card,Shopping expense,491.95,0.0
1137,2024-12-09,Bills,Debit card,Mobile Recharge,86.66,0.0
1138,2024-12-10,Electronics,UPI,Mobile,328.07,0.0
1139,2024-12-10,Medical Expense,Credit card,Medicine,524.04,6.2
1140,2024-12-11,Transportation,UPI,Bus,371.94,0.0
1141,2024-12-11,Shopping,UPI,Shopping expense,349.86,0.0
1142,2024-12-11,Groceries,Debit card,Vegetables,677.7,0.0
1143,2024-12-12,Groceries,Cash,Fruits,924.55,0.0
1144,2024-12-12,Groceries,Credit card,Spices,122.3,3.07
1145,2024-12-12,Electronics,Credit card,Tablet,721.69,5.87
1146,2024-12-12,Insurance,Debit card,Life insurance,552.81,0.0
1147,2024-12-13,Transportation,UPI,Ola,82.12,0.0
1148,2024-12-13,Insurance,Debit card,Auto insurance,631.99,0.0
1149,2024-12-13,EMI,Cash,Air conditioner,469.86,0.0
1150,2024-12-13,Bills,Cash,Electricity bill,310.64,0.0
1151,2024-12-14,Shopping,Debit card,Shopping expense,580.96,0.0
1152,2024-12-14,Shopping,Debit card,Shopping expense,487.69,0.0
1153,2024-12-15,EMI,Credit card,Washing machine,209.76,14.82
1154,2024-12-16,Shopping,Debit card,Shopping expense,114.67,0.0
1155,2024-12-16,Electronics,Cash,Tablet,325.67,0.0
1156,2024-12-16,EMI,Cash,Washing machine,896.62,0.0
1157,2024-12-16,Bills,Cash,Wifi bill,728.35,0.0
1158,2024-12-16,Bills,Debit card,Mobile Recharge,464.76,0.0
1159,2024-12-17,Bills,Cash,Mobile Recharge,691.31,0.0
1160,2024-12-17,Electronics,Cash,Tablet,749.97,0.0
1161,2024-12-18,Transportation,Cash,Ola,185.86,0.0
1162,2024-12-18,Medical Expense,Credit card,Consultation Fee,660.32,3.13
1163,2024-12-18,Bills,Credit card,Wifi bill,687.03,2.87
1164,2024-12-19,Groceries,Credit card,Fruits,761.05,17.35
1165,2024-12-20,Transportation,Debit card,Bus,763.31,0.0
1166,2024-12-20,Transportation,UPI,Train,926.1,0.0
1167,2024-12-20,Subscription,Credit card,Amazon Prime,530.77,16.41
1168,2024-12-20,Subscription,Debit card,Netflix,814.25,0.0
1169,2024-12-20,Subscription,Debit card,Amazon Prime,277.36,0.0
1170,2024-12-20,Insurance,Credit card,Health insurance,571.65,8.6
1171,2024-12-21,Electronics,Cash,Mobile,967.68,0.0
1172,2024-12-22,Groceries,UPI,Spices,876.78,0.0
1173,2024-12-22,EMI,Credit card,Washing machine,108.79,10.34
1174,2024-12-22,Medical Expense,Cash,Medicine,319.23,0.0
1175,2024-12-22,Groceries,Debit card,Grains & Bread,282.26,0.0
1176,2024-12-22,Medical Expense,UPI,Medicine,422.09,0.0
1177,2024-12-23,EMI,Cash,Washing machine,339.63,0.0
1178,2024-12-23,Groceries,UPI,Vegetables,475.42,0.0
1179,2024-12-23,Bills,Credit card,Water bill,809.35,4.83
1180,2024-12-23,EMI,Cash,Washing machine,98.21,0.0
1181,2024-12-23,EMI,Debit card,Mobile,356.36,0.0
1182,2024-12-24,Bills,Credit card,Mobile Recharge,268.97,15.23
1183,2024-12-24,Shopping,Credit card,Shopping expense,635.75,17.81
1184,2024-12-24,EMI,Credit card,Car,984.05,16.02
1185,2024-12-24,Insurance,Debit card,Auto insurance,390.51,0.0
1186,2024-12-25,Bills,Debit card,Mobile Recharge,948.3,0.0
1187,2024-12-26,Groceries,Credit card,Grains & Bread,545.08,8.06
1188,2024-12-27,Medical Expense,Debit card,Medicine,722.99,0.0
1189,2024-12-27,Insurance,Credit card,Health insurance,915.1,1.19
1190,2024-12-28,Medical Expense,Cash,Consultation Fee,821.92,0.0
1191,2024-12-28,Bills,Debit card,Electricity bill,770.01,0.0
1192,2024-12-28,Subscription,Credit card,Netflix,616.32,2.96
1193,2024-12-28,Insurance,UPI,Auto insurance,958.4,0.0
1194,2024-12-29,Transportation,Cash,Train,64.36,0.0
1195,2024-12-29,Insurance,Cash,Life insurance,727.46,0.0
1196,2024-12-29,Medical Expense,Cash,Medicine,74.0,0.0
1197,2024-12-30,Transportation,UPI,Ola,773.6,0.0
1198,2024-12-30,EMI,Cash,Washing machine,959.6,0.0
1199,2024-12-30,Subscription,UPI,Netflix,829.05,0.0
1200,2024-12-30,Medical Expense,UPI,Medicine,150.62,0.0
